-- Province
INSERT INTO state(id, name, country_id) VALUES (1, 'San Jose', (SELECT id FROM country WHERE country_code = 'CR'));
INSERT INTO state(id, name, country_id) VALUES (2, 'Alajuela', (SELECT id FROM country WHERE country_code = 'CR'));
INSERT INTO state(id, name, country_id) VALUES (3, 'Cartago', (SELECT id FROM country WHERE country_code = 'CR'));
INSERT INTO state(id, name, country_id) VALUES (4, 'Heredia', (SELECT id FROM country WHERE country_code = 'CR'));
INSERT INTO state(id, name, country_id) VALUES (5, 'Guancaste', (SELECT id FROM country WHERE country_code = 'CR'));
INSERT INTO state(id, name, country_id) VALUES (6, 'Puntarenas', (SELECT id FROM country WHERE country_code = 'CR'));
INSERT INTO state(id, name, country_id) VALUES (7, 'Limón', (SELECT id FROM country WHERE country_code = 'CR'));

-- city
INSERT INTO city(id,state_id,name) VALUES (101,1,'San José');
INSERT INTO city(id,state_id,name) VALUES (102,1,'Escazú');
INSERT INTO city(id,state_id,name) VALUES (103,1,'Desamparados');
INSERT INTO city(id,state_id,name) VALUES (104,1,'Puriscal');
INSERT INTO city(id,state_id,name) VALUES (105,1,'Tarrazú');
INSERT INTO city(id,state_id,name) VALUES (106,1,'Aserrí');
INSERT INTO city(id,state_id,name) VALUES (107,1,'Mora');
INSERT INTO city(id,state_id,name) VALUES (108,1,'Goicoechea');
INSERT INTO city(id,state_id,name) VALUES (109,1,'Santa Ana');
INSERT INTO city(id,state_id,name) VALUES (110,1,'Alajuelita');
INSERT INTO city(id,state_id,name) VALUES (111,1,'Vázquez de Coronado');
INSERT INTO city(id,state_id,name) VALUES (112,1,'Acosta');
INSERT INTO city(id,state_id,name) VALUES (113,1,'Tibás');
INSERT INTO city(id,state_id,name) VALUES (114,1,'Moravia');
INSERT INTO city(id,state_id,name) VALUES (115,1,'Montes de Oca');
INSERT INTO city(id,state_id,name) VALUES (116,1,'Turrubares');
INSERT INTO city(id,state_id,name) VALUES (117,1,'Dota');
INSERT INTO city(id,state_id,name) VALUES (118,1,'Curridabat');
INSERT INTO city(id,state_id,name) VALUES (119,1,'Pérez Zeledón');
INSERT INTO city(id,state_id,name) VALUES (120,1,'León Cortés Castro');
INSERT INTO city(id,state_id,name) VALUES (201,2,'Alajuela');
INSERT INTO city(id,state_id,name) VALUES (202,2,'San Ramón');
INSERT INTO city(id,state_id,name) VALUES (203,2,'Grecia');
INSERT INTO city(id,state_id,name) VALUES (204,2,'San Mateo');
INSERT INTO city(id,state_id,name) VALUES (205,2,'Atenas');
INSERT INTO city(id,state_id,name) VALUES (206,2,'Naranjo');
INSERT INTO city(id,state_id,name) VALUES (207,2,'Palmares');
INSERT INTO city(id,state_id,name) VALUES (208,2,'Poás');
INSERT INTO city(id,state_id,name) VALUES (209,2,'Orotina');
INSERT INTO city(id,state_id,name) VALUES (210,2,'San Carlos');
INSERT INTO city(id,state_id,name) VALUES (211,2,'Zarcero');
INSERT INTO city(id,state_id,name) VALUES (212,2,'Valverde Vega');
INSERT INTO city(id,state_id,name) VALUES (213,2,'Upala');
INSERT INTO city(id,state_id,name) VALUES (214,2,'Los Chiles');
INSERT INTO city(id,state_id,name) VALUES (215,2,'Guatuso');
INSERT INTO city(id,state_id,name) VALUES (301,3,'Cartago');
INSERT INTO city(id,state_id,name) VALUES (302,3,'Paraíso');
INSERT INTO city(id,state_id,name) VALUES (303,3,'La Unión');
INSERT INTO city(id,state_id,name) VALUES (304,3,'Jiménez');
INSERT INTO city(id,state_id,name) VALUES (305,3,'Turrialba');
INSERT INTO city(id,state_id,name) VALUES (306,3,'Alvarado');
INSERT INTO city(id,state_id,name) VALUES (307,3,'Oreamuno');
INSERT INTO city(id,state_id,name) VALUES (308,3,'El Guarco');
INSERT INTO city(id,state_id,name) VALUES (401,4,'Heredia');
INSERT INTO city(id,state_id,name) VALUES (402,4,'Barva');
INSERT INTO city(id,state_id,name) VALUES (403,4,'Santo Domingo');
INSERT INTO city(id,state_id,name) VALUES (404,4,'Santa Bárbara');
INSERT INTO city(id,state_id,name) VALUES (405,4,'San Rafael');
INSERT INTO city(id,state_id,name) VALUES (406,4,'San Isidro');
INSERT INTO city(id,state_id,name) VALUES (407,4,'Belén');
INSERT INTO city(id,state_id,name) VALUES (408,4,'Flores');
INSERT INTO city(id,state_id,name) VALUES (409,4,'San Pablo');
INSERT INTO city(id,state_id,name) VALUES (410,4,'Sarapiquí');
INSERT INTO city(id,state_id,name) VALUES (501,5,'Liberia');
INSERT INTO city(id,state_id,name) VALUES (502,5,'Nicoya');
INSERT INTO city(id,state_id,name) VALUES (503,5,'Santa Cruz');
INSERT INTO city(id,state_id,name) VALUES (504,5,'Bagaces');
INSERT INTO city(id,state_id,name) VALUES (505,5,'Carrillo');
INSERT INTO city(id,state_id,name) VALUES (506,5,'Cañas');
INSERT INTO city(id,state_id,name) VALUES (507,5,'Abangares');
INSERT INTO city(id,state_id,name) VALUES (508,5,'Tilarán');
INSERT INTO city(id,state_id,name) VALUES (509,5,'Nandayure');
INSERT INTO city(id,state_id,name) VALUES (510,5,'La Cruz');
INSERT INTO city(id,state_id,name) VALUES (511,5,'Hojancha');
INSERT INTO city(id,state_id,name) VALUES (601,6,'Puntarenas');
INSERT INTO city(id,state_id,name) VALUES (602,6,'Esparza');
INSERT INTO city(id,state_id,name) VALUES (603,6,'Buenos Aires');
INSERT INTO city(id,state_id,name) VALUES (604,6,'Montes de Oro');
INSERT INTO city(id,state_id,name) VALUES (605,6,'Osa');
INSERT INTO city(id,state_id,name) VALUES (606,6,'Quepos');
INSERT INTO city(id,state_id,name) VALUES (607,6,'Golfito');
INSERT INTO city(id,state_id,name) VALUES (608,6,'Coto Brus');
INSERT INTO city(id,state_id,name) VALUES (609,6,'Parrita');
INSERT INTO city(id,state_id,name) VALUES (610,6,'Corredores');
INSERT INTO city(id,state_id,name) VALUES (611,6,'Garabito');
INSERT INTO city(id,state_id,name) VALUES (701,7,'Limón');
INSERT INTO city(id,state_id,name) VALUES (702,7,'Pococí');
INSERT INTO city(id,state_id,name) VALUES (703,7,'Siquirres');
INSERT INTO city(id,state_id,name) VALUES (704,7,'Talamanca');
INSERT INTO city(id,state_id,name) VALUES (705,7,'Matina');
INSERT INTO city(id,state_id,name) VALUES (706,7,'Guácimo');

-- District
INSERT INTO district(id,city_id,name) VALUES (10101,101,'Carmen');
INSERT INTO district(id,city_id,name) VALUES (10102,101,'Merced');
INSERT INTO district(id,city_id,name) VALUES (10103,101,'Hospital');
INSERT INTO district(id,city_id,name) VALUES (10104,101,'Catedral');
INSERT INTO district(id,city_id,name) VALUES (10105,101,'Zapote');
INSERT INTO district(id,city_id,name) VALUES (10106,101,'San Francisco de Dos Ríos');
INSERT INTO district(id,city_id,name) VALUES (10107,101,'Uruca');
INSERT INTO district(id,city_id,name) VALUES (10108,101,'Mata Redonda');
INSERT INTO district(id,city_id,name) VALUES (10109,101,'Pavas');
INSERT INTO district(id,city_id,name) VALUES (10110,101,'Hatillo');
INSERT INTO district(id,city_id,name) VALUES (10111,101,'San Sebastián');
INSERT INTO district(id,city_id,name) VALUES (10201,102,'Escazú');
INSERT INTO district(id,city_id,name) VALUES (10202,102,'San Antonio');
INSERT INTO district(id,city_id,name) VALUES (10203,102,'San Rafael');
INSERT INTO district(id,city_id,name) VALUES (10301,103,'Desamparados');
INSERT INTO district(id,city_id,name) VALUES (10302,103,'San Miguel');
INSERT INTO district(id,city_id,name) VALUES (10303,103,'San Juan de Dios');
INSERT INTO district(id,city_id,name) VALUES (10304,103,'San Rafael Arriba');
INSERT INTO district(id,city_id,name) VALUES (10305,103,'San Antonio');
INSERT INTO district(id,city_id,name) VALUES (10306,103,'Frailes');
INSERT INTO district(id,city_id,name) VALUES (10307,103,'Patarrá');
INSERT INTO district(id,city_id,name) VALUES (10308,103,'San Cristóbal');
INSERT INTO district(id,city_id,name) VALUES (10309,103,'Rosario');
INSERT INTO district(id,city_id,name) VALUES (10310,103,'Damas');
INSERT INTO district(id,city_id,name) VALUES (10311,103,'San Rafael Abajo');
INSERT INTO district(id,city_id,name) VALUES (10312,103,'Gravilias');
INSERT INTO district(id,city_id,name) VALUES (10313,103,'Los Guido');
INSERT INTO district(id,city_id,name) VALUES (10401,104,'Santiago');
INSERT INTO district(id,city_id,name) VALUES (10402,104,'Mercedes Sur');
INSERT INTO district(id,city_id,name) VALUES (10403,104,'Barbacoas');
INSERT INTO district(id,city_id,name) VALUES (10404,104,'Grifo Alto');
INSERT INTO district(id,city_id,name) VALUES (10405,104,'San Rafael');
INSERT INTO district(id,city_id,name) VALUES (10406,104,'Candelarita');
INSERT INTO district(id,city_id,name) VALUES (10407,104,'Desamparaditos');
INSERT INTO district(id,city_id,name) VALUES (10408,104,'San Antonio');
INSERT INTO district(id,city_id,name) VALUES (10409,104,'Chires');
INSERT INTO district(id,city_id,name) VALUES (10501,105,'San Marcos');
INSERT INTO district(id,city_id,name) VALUES (10502,105,'San Lorenzo');
INSERT INTO district(id,city_id,name) VALUES (10503,105,'San Carlos');
INSERT INTO district(id,city_id,name) VALUES (10601,106,'Aserrí');
INSERT INTO district(id,city_id,name) VALUES (10602,106,'Tarbaca');
INSERT INTO district(id,city_id,name) VALUES (10603,106,'Vuelta de Jorco');
INSERT INTO district(id,city_id,name) VALUES (10604,106,'San Gabriel');
INSERT INTO district(id,city_id,name) VALUES (10605,106,'Legua');
INSERT INTO district(id,city_id,name) VALUES (10606,106,'Monterrey');
INSERT INTO district(id,city_id,name) VALUES (10607,106,'Salitrillos');
INSERT INTO district(id,city_id,name) VALUES (10701,107,'Colón');
INSERT INTO district(id,city_id,name) VALUES (10702,107,'Guayabo');
INSERT INTO district(id,city_id,name) VALUES (10703,107,'Tabarcia');
INSERT INTO district(id,city_id,name) VALUES (10704,107,'Piedras Negras');
INSERT INTO district(id,city_id,name) VALUES (10705,107,'Picagres');
INSERT INTO district(id,city_id,name) VALUES (10706,107,'Jaris');
INSERT INTO district(id,city_id,name) VALUES (10801,108,'Guadalupe');
INSERT INTO district(id,city_id,name) VALUES (10802,108,'San Francisco');
INSERT INTO district(id,city_id,name) VALUES (10803,108,'Calle Blancos');
INSERT INTO district(id,city_id,name) VALUES (10804,108,'Mata de Plátano');
INSERT INTO district(id,city_id,name) VALUES (10805,108,'Ipís');
INSERT INTO district(id,city_id,name) VALUES (10806,108,'Rancho Redondo');
INSERT INTO district(id,city_id,name) VALUES (10807,108,'Purral');
INSERT INTO district(id,city_id,name) VALUES (10901,109,'Santa Ana');
INSERT INTO district(id,city_id,name) VALUES (10902,109,'Salitral');
INSERT INTO district(id,city_id,name) VALUES (10903,109,'Pozos');
INSERT INTO district(id,city_id,name) VALUES (10904,109,'Uruca');
INSERT INTO district(id,city_id,name) VALUES (10905,109,'Piedades');
INSERT INTO district(id,city_id,name) VALUES (10906,109,'Brasil');
INSERT INTO district(id,city_id,name) VALUES (11001,110,'Alajuelita');
INSERT INTO district(id,city_id,name) VALUES (11002,110,'San Josecito');
INSERT INTO district(id,city_id,name) VALUES (11003,110,'San Antonio');
INSERT INTO district(id,city_id,name) VALUES (11004,110,'Concepción');
INSERT INTO district(id,city_id,name) VALUES (11005,110,'San Felipe');
INSERT INTO district(id,city_id,name) VALUES (11101,111,'San Isidro');
INSERT INTO district(id,city_id,name) VALUES (11102,111,'San Rafael');
INSERT INTO district(id,city_id,name) VALUES (11103,111,'Dulce Nombre de Jesús');
INSERT INTO district(id,city_id,name) VALUES (11104,111,'Patalillo');
INSERT INTO district(id,city_id,name) VALUES (11105,111,'Cascajal');
INSERT INTO district(id,city_id,name) VALUES (11201,112,'San Ignacio');
INSERT INTO district(id,city_id,name) VALUES (11202,112,'Guaitil');
INSERT INTO district(id,city_id,name) VALUES (11203,112,'Palmichal');
INSERT INTO district(id,city_id,name) VALUES (11204,112,'Cangrejal');
INSERT INTO district(id,city_id,name) VALUES (11205,112,'Sabanillas');
INSERT INTO district(id,city_id,name) VALUES (11301,113,'San Juan');
INSERT INTO district(id,city_id,name) VALUES (11302,113,'Cinco Esquinas');
INSERT INTO district(id,city_id,name) VALUES (11303,113,'Anselmo Llorente');
INSERT INTO district(id,city_id,name) VALUES (11304,113,'León XIII');
INSERT INTO district(id,city_id,name) VALUES (11305,113,'Colima');
INSERT INTO district(id,city_id,name) VALUES (11401,114,'San Vicente');
INSERT INTO district(id,city_id,name) VALUES (11402,114,'San Jerónimo');
INSERT INTO district(id,city_id,name) VALUES (11403,114,'La Trinidad');
INSERT INTO district(id,city_id,name) VALUES (11501,115,'San Pedro');
INSERT INTO district(id,city_id,name) VALUES (11502,115,'Sabanilla');
INSERT INTO district(id,city_id,name) VALUES (11503,115,'Mercedes');
INSERT INTO district(id,city_id,name) VALUES (11504,115,'San Rafael');
INSERT INTO district(id,city_id,name) VALUES (11601,116,'San Pablo');
INSERT INTO district(id,city_id,name) VALUES (11602,116,'San Pedro');
INSERT INTO district(id,city_id,name) VALUES (11603,116,'San Juan de Mata');
INSERT INTO district(id,city_id,name) VALUES (11604,116,'San Luis');
INSERT INTO district(id,city_id,name) VALUES (11605,116,'Carara');
INSERT INTO district(id,city_id,name) VALUES (11701,117,'Santa María');
INSERT INTO district(id,city_id,name) VALUES (11702,117,'Jardín');
INSERT INTO district(id,city_id,name) VALUES (11703,117,'Copey');
INSERT INTO district(id,city_id,name) VALUES (11801,118,'Curridabat');
INSERT INTO district(id,city_id,name) VALUES (11802,118,'Granadilla');
INSERT INTO district(id,city_id,name) VALUES (11803,118,'Sánchez');
INSERT INTO district(id,city_id,name) VALUES (11804,118,'Tirrases');
INSERT INTO district(id,city_id,name) VALUES (11901,119,'San Isidro de El General');
INSERT INTO district(id,city_id,name) VALUES (11902,119,'General');
INSERT INTO district(id,city_id,name) VALUES (11903,119,'Daniel Flores');
INSERT INTO district(id,city_id,name) VALUES (11904,119,'Rivas');
INSERT INTO district(id,city_id,name) VALUES (11905,119,'San Pedro');
INSERT INTO district(id,city_id,name) VALUES (11906,119,'Platanares');
INSERT INTO district(id,city_id,name) VALUES (11907,119,'Pejibaye');
INSERT INTO district(id,city_id,name) VALUES (11908,119,'Cajón');
INSERT INTO district(id,city_id,name) VALUES (11909,119,'Barú');
INSERT INTO district(id,city_id,name) VALUES (11910,119,'Río Nuevo');
INSERT INTO district(id,city_id,name) VALUES (11911,119,'Páramo');
INSERT INTO district(id,city_id,name) VALUES (12001,120,'San Pablo');
INSERT INTO district(id,city_id,name) VALUES (12002,120,'San Andrés');
INSERT INTO district(id,city_id,name) VALUES (12003,120,'Llano Bonito');
INSERT INTO district(id,city_id,name) VALUES (12004,120,'San Isidro');
INSERT INTO district(id,city_id,name) VALUES (12005,120,'Santa Cruz');
INSERT INTO district(id,city_id,name) VALUES (12006,120,'San Antonio');
INSERT INTO district(id,city_id,name) VALUES (20101,201,'Alajuela');
INSERT INTO district(id,city_id,name) VALUES (20102,201,'San José');
INSERT INTO district(id,city_id,name) VALUES (20103,201,'Carrizal');
INSERT INTO district(id,city_id,name) VALUES (20104,201,'San Antonio');
INSERT INTO district(id,city_id,name) VALUES (20105,201,'Guácima');
INSERT INTO district(id,city_id,name) VALUES (20106,201,'San Isidro');
INSERT INTO district(id,city_id,name) VALUES (20107,201,'Sabanilla');
INSERT INTO district(id,city_id,name) VALUES (20108,201,'San Rafael');
INSERT INTO district(id,city_id,name) VALUES (20109,201,'Río Segundo');
INSERT INTO district(id,city_id,name) VALUES (20110,201,'Desamparados');
INSERT INTO district(id,city_id,name) VALUES (20111,201,'Turrúcares');
INSERT INTO district(id,city_id,name) VALUES (20112,201,'Tambor');
INSERT INTO district(id,city_id,name) VALUES (20113,201,'Garita');
INSERT INTO district(id,city_id,name) VALUES (20114,201,'Sarapiquí');
INSERT INTO district(id,city_id,name) VALUES (20201,202,'San Ramón');
INSERT INTO district(id,city_id,name) VALUES (20202,202,'Santiago');
INSERT INTO district(id,city_id,name) VALUES (20203,202,'San Juan');
INSERT INTO district(id,city_id,name) VALUES (20204,202,'Piedades Norte');
INSERT INTO district(id,city_id,name) VALUES (20205,202,'Piedades Sur');
INSERT INTO district(id,city_id,name) VALUES (20206,202,'San Rafael');
INSERT INTO district(id,city_id,name) VALUES (20207,202,'San Isidro');
INSERT INTO district(id,city_id,name) VALUES (20208,202,'Los Ángeles');
INSERT INTO district(id,city_id,name) VALUES (20209,202,'Alfaro');
INSERT INTO district(id,city_id,name) VALUES (20210,202,'Volio');
INSERT INTO district(id,city_id,name) VALUES (20211,202,'Concepción');
INSERT INTO district(id,city_id,name) VALUES (20212,202,'Zapotal');
INSERT INTO district(id,city_id,name) VALUES (20213,202,'Peñas Blancas');
INSERT INTO district(id,city_id,name) VALUES (20301,203,'Grecia');
INSERT INTO district(id,city_id,name) VALUES (20302,203,'San Isidro');
INSERT INTO district(id,city_id,name) VALUES (20303,203,'San José');
INSERT INTO district(id,city_id,name) VALUES (20304,203,'San Roque');
INSERT INTO district(id,city_id,name) VALUES (20305,203,'Tacares');
INSERT INTO district(id,city_id,name) VALUES (20306,203,'Río Cuarto');
INSERT INTO district(id,city_id,name) VALUES (20307,203,'Puente de Piedra');
INSERT INTO district(id,city_id,name) VALUES (20308,203,'Bolívar');
INSERT INTO district(id,city_id,name) VALUES (20401,204,'San Mateo');
INSERT INTO district(id,city_id,name) VALUES (20402,204,'Desmonte');
INSERT INTO district(id,city_id,name) VALUES (20403,204,'Jesús María');
INSERT INTO district(id,city_id,name) VALUES (20501,205,'Atenas');
INSERT INTO district(id,city_id,name) VALUES (20502,205,'Jesús');
INSERT INTO district(id,city_id,name) VALUES (20503,205,'Mercedes');
INSERT INTO district(id,city_id,name) VALUES (20504,205,'San Isidro');
INSERT INTO district(id,city_id,name) VALUES (20505,205,'Concepción');
INSERT INTO district(id,city_id,name) VALUES (20506,205,'San José');
INSERT INTO district(id,city_id,name) VALUES (20507,205,'Santa Eulalia');
INSERT INTO district(id,city_id,name) VALUES (20508,205,'Escobal');
INSERT INTO district(id,city_id,name) VALUES (20601,206,'Naranjo');
INSERT INTO district(id,city_id,name) VALUES (20602,206,'San Miguel');
INSERT INTO district(id,city_id,name) VALUES (20603,206,'San José');
INSERT INTO district(id,city_id,name) VALUES (20604,206,'Cirrí Sur');
INSERT INTO district(id,city_id,name) VALUES (20605,206,'San Jerónimo');
INSERT INTO district(id,city_id,name) VALUES (20606,206,'San Juan');
INSERT INTO district(id,city_id,name) VALUES (20607,206,'El Rosario');
INSERT INTO district(id,city_id,name) VALUES (20608,206,'Palmitos');
INSERT INTO district(id,city_id,name) VALUES (20701,207,'Palmares');
INSERT INTO district(id,city_id,name) VALUES (20702,207,'Zaragoza');
INSERT INTO district(id,city_id,name) VALUES (20703,207,'Buenos Aires');
INSERT INTO district(id,city_id,name) VALUES (20704,207,'Santiago');
INSERT INTO district(id,city_id,name) VALUES (20705,207,'Candelaria');
INSERT INTO district(id,city_id,name) VALUES (20706,207,'Esquipulas');
INSERT INTO district(id,city_id,name) VALUES (20707,207,'La Granja');
INSERT INTO district(id,city_id,name) VALUES (20801,208,'San Pedro');
INSERT INTO district(id,city_id,name) VALUES (20802,208,'San Juan');
INSERT INTO district(id,city_id,name) VALUES (20803,208,'San Rafael');
INSERT INTO district(id,city_id,name) VALUES (20804,208,'Carrillos');
INSERT INTO district(id,city_id,name) VALUES (20805,208,'Sabana Redonda');
INSERT INTO district(id,city_id,name) VALUES (20901,209,'Orotina');
INSERT INTO district(id,city_id,name) VALUES (20902,209,'El Mastate');
INSERT INTO district(id,city_id,name) VALUES (20903,209,'Hacienda Vieja');
INSERT INTO district(id,city_id,name) VALUES (20904,209,'Coyolar');
INSERT INTO district(id,city_id,name) VALUES (20905,209,'La Ceiba');
INSERT INTO district(id,city_id,name) VALUES (21001,210,'Quesada');
INSERT INTO district(id,city_id,name) VALUES (21002,210,'Florencia');
INSERT INTO district(id,city_id,name) VALUES (21003,210,'Buenavista');
INSERT INTO district(id,city_id,name) VALUES (21004,210,'Aguas Zarcas');
INSERT INTO district(id,city_id,name) VALUES (21005,210,'Venecia');
INSERT INTO district(id,city_id,name) VALUES (21006,210,'Pital');
INSERT INTO district(id,city_id,name) VALUES (21007,210,'La Fortuna');
INSERT INTO district(id,city_id,name) VALUES (21008,210,'La Tigra');
INSERT INTO district(id,city_id,name) VALUES (21009,210,'La Palmera');
INSERT INTO district(id,city_id,name) VALUES (21010,210,'Venado');
INSERT INTO district(id,city_id,name) VALUES (21011,210,'Cutris');
INSERT INTO district(id,city_id,name) VALUES (21012,210,'Monterrey');
INSERT INTO district(id,city_id,name) VALUES (21013,210,'Pocosol');
INSERT INTO district(id,city_id,name) VALUES (21101,211,'Zarcero');
INSERT INTO district(id,city_id,name) VALUES (21102,211,'Laguna');
INSERT INTO district(id,city_id,name) VALUES (21103,211,'Tapesco');
INSERT INTO district(id,city_id,name) VALUES (21104,211,'Guadalupe');
INSERT INTO district(id,city_id,name) VALUES (21105,211,'Palmira');
INSERT INTO district(id,city_id,name) VALUES (21106,211,'Zapote');
INSERT INTO district(id,city_id,name) VALUES (21107,211,'Brisas');
INSERT INTO district(id,city_id,name) VALUES (21201,212,'Sarchí Norte');
INSERT INTO district(id,city_id,name) VALUES (21202,212,'Sarchí Sur');
INSERT INTO district(id,city_id,name) VALUES (21203,212,'Toro Amarillo');
INSERT INTO district(id,city_id,name) VALUES (21204,212,'San Pedro');
INSERT INTO district(id,city_id,name) VALUES (21205,212,'Rodríguez');
INSERT INTO district(id,city_id,name) VALUES (21301,213,'Upala');
INSERT INTO district(id,city_id,name) VALUES (21302,213,'Aguas Claras');
INSERT INTO district(id,city_id,name) VALUES (21303,213,'San José (Pizote)');
INSERT INTO district(id,city_id,name) VALUES (21304,213,'Bijagua');
INSERT INTO district(id,city_id,name) VALUES (21305,213,'Delicias');
INSERT INTO district(id,city_id,name) VALUES (21306,213,'Dos Ríos');
INSERT INTO district(id,city_id,name) VALUES (21307,213,'Yoliyllal');
INSERT INTO district(id,city_id,name) VALUES (21401,214,'Los Chiles');
INSERT INTO district(id,city_id,name) VALUES (21402,214,'Caño Negro');
INSERT INTO district(id,city_id,name) VALUES (21403,214,'El Amparo');
INSERT INTO district(id,city_id,name) VALUES (21404,214,'San Jorge');
INSERT INTO district(id,city_id,name) VALUES (21501,215,'San Rafael');
INSERT INTO district(id,city_id,name) VALUES (21502,215,'Buenavista');
INSERT INTO district(id,city_id,name) VALUES (21503,215,'Cote');
INSERT INTO district(id,city_id,name) VALUES (21504,215,'Katira');
INSERT INTO district(id,city_id,name) VALUES (30101,301,'Oriental');
INSERT INTO district(id,city_id,name) VALUES (30102,301,'Occidental');
INSERT INTO district(id,city_id,name) VALUES (30103,301,'Carmen');
INSERT INTO district(id,city_id,name) VALUES (30104,301,'San Nicolás');
INSERT INTO district(id,city_id,name) VALUES (30105,301,'Aguacaliente (San Francisco)');
INSERT INTO district(id,city_id,name) VALUES (30106,301,'Guadalupe (Arenilla)');
INSERT INTO district(id,city_id,name) VALUES (30107,301,'Corralillo');
INSERT INTO district(id,city_id,name) VALUES (30108,301,'Tierra Blanca');
INSERT INTO district(id,city_id,name) VALUES (30109,301,'Dulce Nombre');
INSERT INTO district(id,city_id,name) VALUES (30110,301,'Llano Grande');
INSERT INTO district(id,city_id,name) VALUES (30111,301,'Quebradilla');
INSERT INTO district(id,city_id,name) VALUES (30201,302,'Paraíso');
INSERT INTO district(id,city_id,name) VALUES (30202,302,'Santiago');
INSERT INTO district(id,city_id,name) VALUES (30203,302,'Orosi');
INSERT INTO district(id,city_id,name) VALUES (30204,302,'Cachí');
INSERT INTO district(id,city_id,name) VALUES (30205,302,'Llanos de Santa Lucía');
INSERT INTO district(id,city_id,name) VALUES (30301,303,'Tres Ríos');
INSERT INTO district(id,city_id,name) VALUES (30302,303,'San Diego');
INSERT INTO district(id,city_id,name) VALUES (30303,303,'San Juan');
INSERT INTO district(id,city_id,name) VALUES (30304,303,'San Rafael');
INSERT INTO district(id,city_id,name) VALUES (30305,303,'Concepción');
INSERT INTO district(id,city_id,name) VALUES (30306,303,'Dulce Nombre');
INSERT INTO district(id,city_id,name) VALUES (30307,303,'San Ramón');
INSERT INTO district(id,city_id,name) VALUES (30308,303,'Río Azul');
INSERT INTO district(id,city_id,name) VALUES (30401,304,'Juan Viñas');
INSERT INTO district(id,city_id,name) VALUES (30402,304,'Tucurrique');
INSERT INTO district(id,city_id,name) VALUES (30403,304,'Pejibaye');
INSERT INTO district(id,city_id,name) VALUES (30501,305,'Turrialba');
INSERT INTO district(id,city_id,name) VALUES (30502,305,'La Suiza');
INSERT INTO district(id,city_id,name) VALUES (30503,305,'Peralta');
INSERT INTO district(id,city_id,name) VALUES (30504,305,'Santa Cruz');
INSERT INTO district(id,city_id,name) VALUES (30505,305,'Santa Teresita');
INSERT INTO district(id,city_id,name) VALUES (30506,305,'Pavones');
INSERT INTO district(id,city_id,name) VALUES (30507,305,'Tuis');
INSERT INTO district(id,city_id,name) VALUES (30508,305,'Tayutic');
INSERT INTO district(id,city_id,name) VALUES (30509,305,'Santa Rosa');
INSERT INTO district(id,city_id,name) VALUES (30510,305,'Tres Equis');
INSERT INTO district(id,city_id,name) VALUES (30511,305,'La Isabel');
INSERT INTO district(id,city_id,name) VALUES (30512,305,'Chirripó');
INSERT INTO district(id,city_id,name) VALUES (30601,306,'Pacayas');
INSERT INTO district(id,city_id,name) VALUES (30602,306,'Cervantes');
INSERT INTO district(id,city_id,name) VALUES (30603,306,'Capellades');
INSERT INTO district(id,city_id,name) VALUES (30701,307,'San Rafael');
INSERT INTO district(id,city_id,name) VALUES (30702,307,'Cot');
INSERT INTO district(id,city_id,name) VALUES (30703,307,'Potrero Cerrado');
INSERT INTO district(id,city_id,name) VALUES (30704,307,'Cipreses');
INSERT INTO district(id,city_id,name) VALUES (30705,307,'Santa Rosa');
INSERT INTO district(id,city_id,name) VALUES (30801,308,'El Tejar');
INSERT INTO district(id,city_id,name) VALUES (30802,308,'San Isidro');
INSERT INTO district(id,city_id,name) VALUES (30803,308,'Tobosi');
INSERT INTO district(id,city_id,name) VALUES (30804,308,'Patio de Agua');
INSERT INTO district(id,city_id,name) VALUES (40101,401,'Heredia');
INSERT INTO district(id,city_id,name) VALUES (40102,401,'Mercedes');
INSERT INTO district(id,city_id,name) VALUES (40103,401,'San Francisco');
INSERT INTO district(id,city_id,name) VALUES (40104,401,'Ulloa');
INSERT INTO district(id,city_id,name) VALUES (40105,401,'Varablanca');
INSERT INTO district(id,city_id,name) VALUES (40201,402,'Barva');
INSERT INTO district(id,city_id,name) VALUES (40202,402,'San Pedro');
INSERT INTO district(id,city_id,name) VALUES (40203,402,'San Pablo');
INSERT INTO district(id,city_id,name) VALUES (40204,402,'San Roque');
INSERT INTO district(id,city_id,name) VALUES (40205,402,'Santa Lucía');
INSERT INTO district(id,city_id,name) VALUES (40206,402,'San José de la Montaña');
INSERT INTO district(id,city_id,name) VALUES (40301,403,'Santo Domingo');
INSERT INTO district(id,city_id,name) VALUES (40302,403,'San Vicente');
INSERT INTO district(id,city_id,name) VALUES (40303,403,'San Miguel');
INSERT INTO district(id,city_id,name) VALUES (40304,403,'Paracito');
INSERT INTO district(id,city_id,name) VALUES (40305,403,'Santo Tomás');
INSERT INTO district(id,city_id,name) VALUES (40306,403,'Santa Rosa');
INSERT INTO district(id,city_id,name) VALUES (40307,403,'Tures');
INSERT INTO district(id,city_id,name) VALUES (40308,403,'Para');
INSERT INTO district(id,city_id,name) VALUES (40401,404,'Santa Bárbara');
INSERT INTO district(id,city_id,name) VALUES (40402,404,'San Pedro');
INSERT INTO district(id,city_id,name) VALUES (40403,404,'San Juan');
INSERT INTO district(id,city_id,name) VALUES (40404,404,'Jesús');
INSERT INTO district(id,city_id,name) VALUES (40405,404,'Santo Domingo');
INSERT INTO district(id,city_id,name) VALUES (40406,404,'Puraba');
INSERT INTO district(id,city_id,name) VALUES (40501,405,'San Rafael');
INSERT INTO district(id,city_id,name) VALUES (40502,405,'San Josécito');
INSERT INTO district(id,city_id,name) VALUES (40503,405,'Santiago');
INSERT INTO district(id,city_id,name) VALUES (40504,405,'Los Ángeles');
INSERT INTO district(id,city_id,name) VALUES (40505,405,'Concepción');
INSERT INTO district(id,city_id,name) VALUES (40601,406,'San Isidro');
INSERT INTO district(id,city_id,name) VALUES (40602,406,'San José');
INSERT INTO district(id,city_id,name) VALUES (40603,406,'Concepción');
INSERT INTO district(id,city_id,name) VALUES (40604,406,'San Francisco');
INSERT INTO district(id,city_id,name) VALUES (40701,407,'San Antonio');
INSERT INTO district(id,city_id,name) VALUES (40702,407,'La Ribera');
INSERT INTO district(id,city_id,name) VALUES (40703,407,'La Asunción');
INSERT INTO district(id,city_id,name) VALUES (40801,408,'San Joaquín de Flores');
INSERT INTO district(id,city_id,name) VALUES (40802,408,'Barrantes');
INSERT INTO district(id,city_id,name) VALUES (40803,408,'Llorente');
INSERT INTO district(id,city_id,name) VALUES (40901,409,'San Pablo');
INSERT INTO district(id,city_id,name) VALUES (40902,409,'Rincón de Sabanilla');
INSERT INTO district(id,city_id,name) VALUES (41001,410,'Puerto Viejo');
INSERT INTO district(id,city_id,name) VALUES (41002,410,'La Virgen');
INSERT INTO district(id,city_id,name) VALUES (41003,410,'Horquetas');
INSERT INTO district(id,city_id,name) VALUES (41004,410,'Llanuras del Gaspar');
INSERT INTO district(id,city_id,name) VALUES (41005,410,'Cureña');
INSERT INTO district(id,city_id,name) VALUES (50101,501,'Liberia');
INSERT INTO district(id,city_id,name) VALUES (50102,501,'Cañas Dulces');
INSERT INTO district(id,city_id,name) VALUES (50103,501,'Mayorga');
INSERT INTO district(id,city_id,name) VALUES (50104,501,'Nacascolo');
INSERT INTO district(id,city_id,name) VALUES (50105,501,'Curubande');
INSERT INTO district(id,city_id,name) VALUES (50201,502,'Nicoya');
INSERT INTO district(id,city_id,name) VALUES (50202,502,'Mansion');
INSERT INTO district(id,city_id,name) VALUES (50203,502,'San Antonio');
INSERT INTO district(id,city_id,name) VALUES (50204,502,'Quebrada Honda');
INSERT INTO district(id,city_id,name) VALUES (50205,502,'Samara');
INSERT INTO district(id,city_id,name) VALUES (50206,502,'Nosara');
INSERT INTO district(id,city_id,name) VALUES (50207,502,'Belén de Nosarita');
INSERT INTO district(id,city_id,name) VALUES (50301,503,'Santa Cruz');
INSERT INTO district(id,city_id,name) VALUES (50302,503,'Bolson');
INSERT INTO district(id,city_id,name) VALUES (50303,503,'Veintisiete de Abril');
INSERT INTO district(id,city_id,name) VALUES (50304,503,'Tempate');
INSERT INTO district(id,city_id,name) VALUES (50305,503,'Cartagena');
INSERT INTO district(id,city_id,name) VALUES (50306,503,'Cuajiniquil');
INSERT INTO district(id,city_id,name) VALUES (50307,503,'Diria');
INSERT INTO district(id,city_id,name) VALUES (50308,503,'Cabo Velas');
INSERT INTO district(id,city_id,name) VALUES (50309,503,'Tamarindo');
INSERT INTO district(id,city_id,name) VALUES (50401,504,'Bagaces');
INSERT INTO district(id,city_id,name) VALUES (50402,504,'Fortuna');
INSERT INTO district(id,city_id,name) VALUES (50403,504,'Mogote');
INSERT INTO district(id,city_id,name) VALUES (50404,504,'Río Naranjo');
INSERT INTO district(id,city_id,name) VALUES (50501,505,'Filadelfia');
INSERT INTO district(id,city_id,name) VALUES (50502,505,'Palmira');
INSERT INTO district(id,city_id,name) VALUES (50503,505,'Sardinal');
INSERT INTO district(id,city_id,name) VALUES (50504,505,'Belén');
INSERT INTO district(id,city_id,name) VALUES (50601,506,'Cañas');
INSERT INTO district(id,city_id,name) VALUES (50602,506,'Palmira');
INSERT INTO district(id,city_id,name) VALUES (50603,506,'San Miguel');
INSERT INTO district(id,city_id,name) VALUES (50604,506,'Bebedero');
INSERT INTO district(id,city_id,name) VALUES (50605,506,'Porozal');
INSERT INTO district(id,city_id,name) VALUES (50701,507,'Juntas');
INSERT INTO district(id,city_id,name) VALUES (50702,507,'Sierra');
INSERT INTO district(id,city_id,name) VALUES (50703,507,'San Juan');
INSERT INTO district(id,city_id,name) VALUES (50704,507,'Colorado');
INSERT INTO district(id,city_id,name) VALUES (50801,508,'Tilarán');
INSERT INTO district(id,city_id,name) VALUES (50802,508,'Quebrada Grande');
INSERT INTO district(id,city_id,name) VALUES (50803,508,'Tronadora');
INSERT INTO district(id,city_id,name) VALUES (50804,508,'Santa Rosa');
INSERT INTO district(id,city_id,name) VALUES (50805,508,'Líbano');
INSERT INTO district(id,city_id,name) VALUES (50806,508,'Tierras Morenas');
INSERT INTO district(id,city_id,name) VALUES (50807,508,'Arenal');
INSERT INTO district(id,city_id,name) VALUES (50901,509,'Carmona');
INSERT INTO district(id,city_id,name) VALUES (50902,509,'Santa Rita');
INSERT INTO district(id,city_id,name) VALUES (50903,509,'Zapotal');
INSERT INTO district(id,city_id,name) VALUES (50904,509,'San Pablo');
INSERT INTO district(id,city_id,name) VALUES (50905,509,'Porvenir');
INSERT INTO district(id,city_id,name) VALUES (50906,509,'Bejuco');
INSERT INTO district(id,city_id,name) VALUES (51001,510,'La Cruz');
INSERT INTO district(id,city_id,name) VALUES (51002,510,'Santa Cecilia');
INSERT INTO district(id,city_id,name) VALUES (51003,510,'Garita');
INSERT INTO district(id,city_id,name) VALUES (51004,510,'Santa Elena');
INSERT INTO district(id,city_id,name) VALUES (51101,511,'Hojancha');
INSERT INTO district(id,city_id,name) VALUES (51102,511,'Monte Romo');
INSERT INTO district(id,city_id,name) VALUES (51103,511,'Puerto Carrillo');
INSERT INTO district(id,city_id,name) VALUES (51104,511,'Huacas');
INSERT INTO district(id,city_id,name) VALUES (60101,601,'Puntarenas');
INSERT INTO district(id,city_id,name) VALUES (60102,601,'Pitahaya');
INSERT INTO district(id,city_id,name) VALUES (60103,601,'Chomes');
INSERT INTO district(id,city_id,name) VALUES (60104,601,'Lepanto');
INSERT INTO district(id,city_id,name) VALUES (60105,601,'Paquera');
INSERT INTO district(id,city_id,name) VALUES (60106,601,'Manzanillo');
INSERT INTO district(id,city_id,name) VALUES (60107,601,'Guacimal');
INSERT INTO district(id,city_id,name) VALUES (60108,601,'Barranca');
INSERT INTO district(id,city_id,name) VALUES (60109,601,'Monte Verde');
INSERT INTO district(id,city_id,name) VALUES (60110,601,'Isla del Coco');
INSERT INTO district(id,city_id,name) VALUES (60111,601,'Cobano');
INSERT INTO district(id,city_id,name) VALUES (60112,601,'Chacarita');
INSERT INTO district(id,city_id,name) VALUES (60113,601,'Chira');
INSERT INTO district(id,city_id,name) VALUES (60114,601,'Acapulco');
INSERT INTO district(id,city_id,name) VALUES (60115,601,'El Roble');
INSERT INTO district(id,city_id,name) VALUES (60116,601,'Arancibia');
INSERT INTO district(id,city_id,name) VALUES (60201,602,'Espiritu Santo');
INSERT INTO district(id,city_id,name) VALUES (60202,602,'San Juan Grande');
INSERT INTO district(id,city_id,name) VALUES (60203,602,'Macacona');
INSERT INTO district(id,city_id,name) VALUES (60204,602,'San Rafael');
INSERT INTO district(id,city_id,name) VALUES (60205,602,'San Jerónimo');
INSERT INTO district(id,city_id,name) VALUES (60301,603,'Buenos Aires');
INSERT INTO district(id,city_id,name) VALUES (60302,603,'Volcan');
INSERT INTO district(id,city_id,name) VALUES (60303,603,'Potrero Grande');
INSERT INTO district(id,city_id,name) VALUES (60304,603,'Boruca');
INSERT INTO district(id,city_id,name) VALUES (60305,603,'Pilas');
INSERT INTO district(id,city_id,name) VALUES (60306,603,'Colinas');
INSERT INTO district(id,city_id,name) VALUES (60307,603,'Changena');
INSERT INTO district(id,city_id,name) VALUES (60308,603,'Briolley');
INSERT INTO district(id,city_id,name) VALUES (60309,603,'Brunka');
INSERT INTO district(id,city_id,name) VALUES (60401,604,'Miramar');
INSERT INTO district(id,city_id,name) VALUES (60402,604,'La Unión');
INSERT INTO district(id,city_id,name) VALUES (60403,604,'San Isidro');
INSERT INTO district(id,city_id,name) VALUES (60501,605,'Puerto Cortes');
INSERT INTO district(id,city_id,name) VALUES (60502,605,'Palmar');
INSERT INTO district(id,city_id,name) VALUES (60503,605,'Sierpe');
INSERT INTO district(id,city_id,name) VALUES (60504,605,'Bahia Ballena');
INSERT INTO district(id,city_id,name) VALUES (60505,605,'Piedras Blancas');
INSERT INTO district(id,city_id,name) VALUES (60601,606,'Quepos');
INSERT INTO district(id,city_id,name) VALUES (60602,606,'Savegre');
INSERT INTO district(id,city_id,name) VALUES (60603,606,'Naranjito');
INSERT INTO district(id,city_id,name) VALUES (60701,607,'Golfito');
INSERT INTO district(id,city_id,name) VALUES (60702,607,'Puerto Jiménez');
INSERT INTO district(id,city_id,name) VALUES (60703,607,'Guaycara');
INSERT INTO district(id,city_id,name) VALUES (60704,607,'Pavon');
INSERT INTO district(id,city_id,name) VALUES (60801,608,'San Vito');
INSERT INTO district(id,city_id,name) VALUES (60802,608,'Sabalito');
INSERT INTO district(id,city_id,name) VALUES (60803,608,'Aguabuena');
INSERT INTO district(id,city_id,name) VALUES (60804,608,'Limóncito');
INSERT INTO district(id,city_id,name) VALUES (60805,608,'Pittier');
INSERT INTO district(id,city_id,name) VALUES (60901,609,'Parrita');
INSERT INTO district(id,city_id,name) VALUES (61001,610,'Corredor');
INSERT INTO district(id,city_id,name) VALUES (61002,610,'La Cuesta');
INSERT INTO district(id,city_id,name) VALUES (61003,610,'Canoas');
INSERT INTO district(id,city_id,name) VALUES (61004,610,'Laurel');
INSERT INTO district(id,city_id,name) VALUES (61101,611,'Jacó');
INSERT INTO district(id,city_id,name) VALUES (61102,611,'Tarcoles');
INSERT INTO district(id,city_id,name) VALUES (70101,701,'Limón');
INSERT INTO district(id,city_id,name) VALUES (70102,701,'Valle La Estrella');
INSERT INTO district(id,city_id,name) VALUES (70103,701,'Río Blanco');
INSERT INTO district(id,city_id,name) VALUES (70104,701,'Matama');
INSERT INTO district(id,city_id,name) VALUES (70201,702,'Guapiles');
INSERT INTO district(id,city_id,name) VALUES (70202,702,'Jiménez');
INSERT INTO district(id,city_id,name) VALUES (70203,702,'Rita');
INSERT INTO district(id,city_id,name) VALUES (70204,702,'Roxana');
INSERT INTO district(id,city_id,name) VALUES (70205,702,'Cariari');
INSERT INTO district(id,city_id,name) VALUES (70206,702,'Colorado');
INSERT INTO district(id,city_id,name) VALUES (70301,703,'Siquirres');
INSERT INTO district(id,city_id,name) VALUES (70302,703,'Pacuarito');
INSERT INTO district(id,city_id,name) VALUES (70303,703,'Florida');
INSERT INTO district(id,city_id,name) VALUES (70304,703,'Germania');
INSERT INTO district(id,city_id,name) VALUES (70305,703,'Cairo');
INSERT INTO district(id,city_id,name) VALUES (70306,703,'Alegria');
INSERT INTO district(id,city_id,name) VALUES (70401,704,'Bratsi');
INSERT INTO district(id,city_id,name) VALUES (70402,704,'Sixaola');
INSERT INTO district(id,city_id,name) VALUES (70403,704,'Cahuita');
INSERT INTO district(id,city_id,name) VALUES (70404,704,'Telire');
INSERT INTO district(id,city_id,name) VALUES (70501,705,'Matina');
INSERT INTO district(id,city_id,name) VALUES (70502,705,'Battan');
INSERT INTO district(id,city_id,name) VALUES (70503,705,'Carrandi');
INSERT INTO district(id,city_id,name) VALUES (70601,706,'Guácimo');
INSERT INTO district(id,city_id,name) VALUES (70602,706,'Mercedes');
INSERT INTO district(id,city_id,name) VALUES (70603,706,'Pocora');
INSERT INTO district(id,city_id,name) VALUES (70604,706,'Río Jiménez');
INSERT INTO district(id,city_id,name) VALUES (70605,706,'Duacari');
